{
  "action_fingerprints": {
    "action_listen": {
      "slots": [
        "probaccount",
        "account",
        "adjtype",
        "prodtype",
        "queue"
      ]
    },
    "utter_ack_starting_workflow": {
      "slots": []
    }
  },
  "python": "3.6.7",
  "max_histories": [
    3,
    5
  ],
  "ensemble_name": "rasa_core.policies.ensemble.SimplePolicyEnsemble",
  "policy_names": [
    "rasa_core.policies.memoization.MemoizationPolicy",
    "policy.FastSeacrhBotPolicy"
  ],
  "trained_at": "20190228-135053",
  "rasa_core": "0.13.2",
  "tensorflow": "1.12.0",
  "sklearn": "0.20.2"
}