{"py/object": "rasa_core.featurizers.MaxHistoryTrackerFeaturizer", "max_history": 5, "remove_duplicates": true, "state_featurizer": {"py/object": "rasa_core.featurizers.BinarySingleStateFeaturizer", "input_state_map": {"entity_account": 6, "entity_adjtype": 10, "entity_info": 7, "entity_prodtype": 9, "entity_queue": 8, "intent_affirm": 0, "intent_deny": 1, "intent_greet": 2, "intent_inform": 3, "intent_request_info": 4, "intent_thankyou": 5, "prev_action_deactivate_form": 20, "prev_action_default_ask_affirmation": 22, "prev_action_default_ask_rephrase": 23, "prev_action_default_fallback": 19, "prev_action_listen": 17, "prev_action_restart": 18, "prev_action_revert_fallback_events": 21, "prev_action_search_accounttypes": 35, "prev_action_search_queue": 34, "prev_action_suggest": 33, "prev_utter_ack_dosearch": 27, "prev_utter_ack_starting_workflow": 32, "prev_utter_ask_adjustmenttype": 38, "prev_utter_ask_howcanhelp": 28, "prev_utter_ask_moreupdates": 29, "prev_utter_ask_product_type": 37, "prev_utter_ask_queue": 31, "prev_utter_ask_readytostartworkflow": 39, "prev_utter_default": 26, "prev_utter_goodbye": 25, "prev_utter_greet": 24, "prev_utter_missing_account_type": 36, "prev_utter_on_it": 30, "slot_account_0": 11, "slot_adjtype_0": 12, "slot_info_0": 13, "slot_probaccount_0": 14, "slot_prodtype_0": 15, "slot_queue_0": 16}, "num_features": 40, "slot_feature_len": 6, "user_feature_len": 11}, "use_intent_probabilities": false}