{
  "rasa_nlu_data": {
    "common_examples": [
      {
        "intent": "affirm",
        "text": "uh yes im looking for approval workflow"
      },
      {
        "intent": "affirm",
        "text": "correct"
      },
      {
        "intent": "affirm",
        "text": "ye"
      },
      {
        "intent": "affirm",
        "text": "let's do it"
      },
      {
        "intent": "affirm",
        "text": "yeah"
      },
      {
        "intent": "affirm",
        "text": "um yes"
      },
      {
        "intent": "affirm",
        "text": "right"
      },
      {
        "intent": "affirm",
        "text": "yea"
      },
      {
        "intent": "affirm",
        "text": "yes"
      },
      {
        "intent": "affirm",
        "text": "yes right"
      },
      {
        "intent": "affirm",
        "text": "yeah i need to find case with ID"
      },
      {
        "intent": "affirm",
        "text": "uh yes i want to open case management"
      },
      {
        "intent": "affirm",
        "text": "uh yes"
      },
      {
        "intent": "affirm",
        "text": "right on good bye"
      },
      {
        "intent": "affirm",
        "text": "yes Trade Account"
      },
      {
        "intent": "deny",
        "text": "no not wires"
      },
      {
        "intent": "deny",
        "text": "no close this one"
      },
      {
        "intent": "deny",
        "text": "no"
      },
      {
        "intent": "deny",
        "text": "no new selection"
      },
      {
        "intent": "deny",
        "text": "no im looking for updated cases"
      },
      {
        "intent": "deny",
        "text": "no thanks"
      },
      {
        "intent": "deny",
        "text": "no i want latest updates"
      },
      {
        "intent": "deny",
        "text": "no thank you good bye"
      },
      {
        "intent": "deny",
        "text": "no thank you"
      },
      {
        "intent": "deny",
        "text": "no this does not work for me"
      },
      {
        "intent": "greet",
        "text": "hi there"
      },
      {
        "intent": "greet",
        "text": "hello there"
      },
      {
        "intent": "greet",
        "text": "hey"
      },
      {
        "intent": "greet",
        "text": "hi"
      },
      {
        "intent": "greet",
        "text": "hey bot"
      },
      {
        "intent": "greet",
        "text": "good morning"
      },
      {
        "intent": "greet",
        "text": "goodmorning"
      },
      {
        "intent": "greet",
        "text": "hello"
      },
      {
        "intent": "greet",
        "text": "goodevening"
      },
      {
        "intent": "greet",
        "text": "goodafternoon"
      },
      {
        "intent": "greet",
        "text": "good evening"
      },
      {
        "intent": "greet",
        "text": "morning"
      },
      {
        "intent": "greet",
        "text": "good afternoon"
      },
      {
        "intent": "inform",
        "entities": [
          {
            "start": 15,
            "end": 18,
            "value": "new",
            "entity": "probaccount"
          }
        ],
        "text": "i want to open new"
      },
      {
        "intent": "inform",
        "entities": [
          {
            "start": 17,
            "end": 20,
            "value": "new",
            "entity": "probaccount"
          }
        ],
        "text": "i want to reopen new"
      },
      {
        "intent": "inform",
        "entities": [
          {
            "start": 16,
            "end": 24,
            "value": "existing",
            "entity": "probaccount"
          }
        ],
        "text": "i want to close existing"
      },
      {
        "intent": "inform",
        "entities": [
          {
            "start": 15,
            "end": 20,
            "value": "Trade",
            "entity": "account"
          }
        ],
        "text": "I want to open Trade type."
      },
      {
        "intent": "inform",
        "entities": [
          {
            "start": 15,
            "end": 26,
            "value": "Retirements",
            "entity": "account"
          }
        ],
        "text": "I want to open Retirements type."
      },
      {
        "intent": "inform",
        "entities": [
          {
            "start": 15,
            "end": 19,
            "value": "529k",
            "entity": "account"
          }
        ],
        "text": "I want to open 529k type."
      },
      {
        "intent": "inform",
        "entities": [
          {
            "start": 15,
            "end": 20,
            "value": "trade",
            "entity": "account"
          }
        ],
        "text": "I want to open trade type."
      },
      {
        "intent": "inform",
        "entities": [
          {
            "start": 15,
            "end": 26,
            "value": "retirements",
            "entity": "account"
          }
        ],
        "text": "I want to open retirements type."
      },
      {
        "intent": "inform",
        "entities": [
          {
            "start": 15,
            "end": 19,
            "value": "529k",
            "entity": "account"
          }
        ],
        "text": "I want to open 529k type."
      },
      {
        "intent": "inform",
        "entities": [
          {
            "start": 9,
            "end": 14,
            "value": "trade",
            "entity": "account"
          }
        ],
        "text": "open new trade"
      },
      {
        "intent": "inform",
        "entities": [
          {
            "start": 9,
            "end": 20,
            "value": "retirements",
            "entity": "account"
          }
        ],
        "text": "open new retirements"
      },
      {
        "intent": "inform",
        "entities": [
          {
            "start": 9,
            "end": 13,
            "value": "529k",
            "entity": "account"
          }
        ],
        "text": "open new 529k"
      },
      {
        "intent": "inform",
        "entities": [
          {
            "start": 19,
            "end": 27,
            "value": "Advisory",
            "entity": "queue"
          }
        ],
        "text": "This is related to Advisory"
      },
      {
        "intent": "inform",
        "entities": [
          {
            "start": 19,
            "end": 25,
            "value": "Branch",
            "entity": "queue"
          }
        ],
        "text": "This is related to Branch"
      },
      {
        "intent": "inform",
        "entities": [
          {
            "start": 19,
            "end": 27,
            "value": "Advisory",
            "entity": "queue"
          }
        ],
        "text": "this is related to Advisory"
      },
      {
        "intent": "inform",
        "entities": [
          {
            "start": 19,
            "end": 25,
            "value": "Branch",
            "entity": "queue"
          }
        ],
        "text": "this is related to Branch"
      },
      {
        "intent": "inform",
        "entities": [
          {
            "start": 19,
            "end": 35,
            "value": "Advisory Account",
            "entity": "queue"
          }
        ],
        "text": "this is related to Advisory Account"
      },
      {
        "intent": "inform",
        "entities": [
          {
            "start": 19,
            "end": 33,
            "value": "Branch Account",
            "entity": "queue"
          }
        ],
        "text": "this is related to Branch Account"
      },
      {
        "intent": "inform",
        "entities": [
          {
            "start": 19,
            "end": 35,
            "value": "advisory account",
            "entity": "queue"
          }
        ],
        "text": "this is related to advisory account"
      },
      {
        "intent": "inform",
        "entities": [
          {
            "start": 19,
            "end": 33,
            "value": "branch account",
            "entity": "queue"
          }
        ],
        "text": "this is related to branch account"
      },
      {
        "intent": "inform",
        "entities": [
          {
            "start": 16,
            "end": 22,
            "value": "equity",
            "entity": "prodtype"
          }
        ],
        "text": "product type is equity"
      },
      {
        "intent": "inform",
        "entities": [
          {
            "start": 16,
            "end": 22,
            "value": "Equity",
            "entity": "prodtype"
          }
        ],
        "text": "product type is Equity"
      },
      {
        "intent": "inform",
        "entities": [
          {
            "start": 16,
            "end": 22,
            "value": "mutual",
            "entity": "prodtype"
          }
        ],
        "text": "product type is mutual"
      },
      {
        "intent": "inform",
        "entities": [
          {
            "start": 16,
            "end": 22,
            "value": "Mutual",
            "entity": "prodtype"
          }
        ],
        "text": "product type is Mutual"
      },
      {
        "intent": "inform",
        "entities": [
          {
            "start": 8,
            "end": 14,
            "value": "Equity",
            "entity": "prodtype"
          }
        ],
        "text": "type is Equity"
      },
      {
        "intent": "inform",
        "entities": [
          {
            "start": 8,
            "end": 14,
            "value": "Mutual",
            "entity": "prodtype"
          }
        ],
        "text": "type is Mutual"
      },
      {
        "intent": "inform",
        "entities": [
          {
            "start": 8,
            "end": 14,
            "value": "equity",
            "entity": "prodtype"
          }
        ],
        "text": "type is equity"
      },
      {
        "intent": "inform",
        "entities": [
          {
            "start": 8,
            "end": 14,
            "value": "mutual",
            "entity": "prodtype"
          }
        ],
        "text": "type is mutual"
      },
      {
        "intent": "inform",
        "entities": [
          {
            "start": 11,
            "end": 17,
            "value": "Equity",
            "entity": "prodtype"
          }
        ],
        "text": "related to Equity"
      },
      {
        "intent": "inform",
        "entities": [
          {
            "start": 11,
            "end": 17,
            "value": "Mutual",
            "entity": "prodtype"
          }
        ],
        "text": "related to Mutual"
      },
      {
        "intent": "inform",
        "entities": [
          {
            "start": 11,
            "end": 17,
            "value": "mutual",
            "entity": "prodtype"
          }
        ],
        "text": "related to mutual"
      },
      {
        "intent": "inform",
        "entities": [
          {
            "start": 11,
            "end": 17,
            "value": "equity",
            "entity": "prodtype"
          }
        ],
        "text": "related to equity"
      },
      {
        "intent": "inform",
        "entities": [
          {
            "start": 23,
            "end": 44,
            "value": "Account Number Change",
            "entity": "adjtype"
          }
        ],
        "text": "the adjustment type is Account Number Change"
      },
      {
        "intent": "inform",
        "entities": [
          {
            "start": 23,
            "end": 42,
            "value": "Account Type Change",
            "entity": "adjtype"
          }
        ],
        "text": "the adjustment type is Account Type Change"
      },
      {
        "intent": "inform",
        "entities": [
          {
            "start": 23,
            "end": 42,
            "value": "account type change",
            "entity": "adjtype"
          }
        ],
        "text": "the adjustment type is account type change"
      },
      {
        "intent": "inform",
        "entities": [
          {
            "start": 23,
            "end": 44,
            "value": "account number change",
            "entity": "adjtype"
          }
        ],
        "text": "the adjustment type is account number change"
      },
      {
        "intent": "inform",
        "entities": [
          {
            "start": 16,
            "end": 37,
            "value": "account number change",
            "entity": "adjtype"
          }
        ],
        "text": "adjustment type account number change"
      },
      {
        "intent": "inform",
        "entities": [
          {
            "start": 16,
            "end": 37,
            "value": "account number change",
            "entity": "adjtype"
          }
        ],
        "text": "adjustment type account number change"
      },
      {
        "intent": "request_info",
        "entities": [
          {
            "start": 16,
            "end": 23,
            "value": "service",
            "entity": "info"
          }
        ],
        "text": "do you have RAG service"
      },
      {
        "intent": "request_info",
        "entities": [
          {
            "start": 16,
            "end": 28,
            "value": "phone number",
            "entity": "info"
          }
        ],
        "text": "do you have RAG phone number"
      },
      {
        "intent": "thankyou",
        "text": "um thank you good bye"
      },
      {
        "intent": "thankyou",
        "text": "okay cool uh good bye thank you"
      },
      {
        "intent": "thankyou",
        "text": "okay thank you good bye"
      },
      {
        "intent": "thankyou",
        "text": "you rock"
      },
      {
        "intent": "thankyou",
        "text": "and thats all thank you and good bye"
      },
      {
        "intent": "thankyou",
        "text": "thank you and good bye"
      },
      {
        "intent": "thankyou",
        "text": "sorry about my mistakes thank you good bye"
      },
      {
        "intent": "thankyou",
        "text": "noise thank you good bye"
      },
      {
        "intent": "thankyou",
        "text": "thank you goodbye noise"
      },
      {
        "intent": "thankyou",
        "text": "okay thank you goodbye"
      },
      {
        "intent": "thankyou",
        "text": "uh thank you good bye"
      },
      {
        "intent": "thankyou",
        "text": "thank you goodbye"
      },
      {
        "intent": "thankyou",
        "text": "thank you goodbye noise thank you goodbye"
      },
      {
        "intent": "thankyou",
        "text": "breath thank you goodbye"
      },
      {
        "intent": "thankyou",
        "text": "thank you"
      },
      {
        "intent": "thankyou",
        "text": "okay thank you"
      },
      {
        "intent": "thankyou",
        "text": "thanks goodbye"
      },
      {
        "intent": "thankyou",
        "text": "ah thank you goodbye"
      },
      {
        "intent": "thankyou",
        "text": "thank you noise"
      },
      {
        "intent": "thankyou",
        "text": "thank you good bye"
      },
      {
        "intent": "thankyou",
        "text": "breath thank you very much goodbye"
      },
      {
        "intent": "thankyou",
        "text": "thanks"
      },
      {
        "intent": "thankyou",
        "text": "noise thank you goodbye"
      },
      {
        "intent": "thankyou",
        "text": "unintelligible thank you goodbye"
      },
      {
        "intent": "thankyou",
        "text": "uh okay thank you good bye"
      },
      {
        "intent": "thankyou",
        "text": "thank you bye"
      },
      {
        "intent": "thankyou",
        "text": "um okay thank you good bye"
      }
    ],
    "regex_features": [],
    "lookup_tables": [],
    "entity_synonyms": []
  }
}